ligand,auroc,aupr,activity,pearson,cell_type
EPCAM,0.678580386255329,0.116790532931054,0.0504048638056586,0.109380506391574,fibroblast
RSPO1,0.649790390196712,0.113426422420446,0.0470407532950508,0.149430860846525,fibroblast
CLU,0.662259486187252,0.113068537878836,0.0466828687534408,0.130628369609196,fibroblast
COL6A1,0.656311584076821,0.110542941364275,0.04415727223888,0.0893013284773434,fibroblast
FGF9,0.653104733240174,0.109227833138675,0.0428421640132796,0.113482327380346,fibroblast
ENTPD1,0.670912608835859,0.107303364506395,0.0409176953810001,0.104645923859386,fibroblast
ADGRE5,0.680479415242398,0.107159211158889,0.0407735420334939,0.113497418350178,fibroblast
PSAP,0.681500591207138,0.102603136429776,0.0362174673043807,0.0676373252250459,fibroblast
BMP4,0.651707334551578,0.102172092466284,0.0357864233408889,0.0642015109978695,fibroblast
KLK3,0.671199254720699,0.101910534973317,0.0355248658479219,0.105272625275607,fibroblast
LGALS3,0.674352359453939,0.101112534426198,0.0347268653008033,0.0673410582610482,fibroblast
SPINK1,0.6790820165538,0.100486052316148,0.0341003831907528,0.0860554676055667,fibroblast
LYZ,0.671647138915763,0.100165310538719,0.0337796414133238,0.105954139169169,fibroblast
SERPINA1,0.682091798344623,0.09970017240735,0.0333145032819549,0.0311963106644482,fibroblast
BMP7,0.633236590347199,0.0993967661123074,0.0330110969869123,0.0186044590738796,fibroblast
ARF1,0.675516858361102,0.0992454684237565,0.0328597992983614,0.103146264468889,fibroblast
CAMP,0.671915869432801,0.0988043188115199,0.0324186496861248,0.0401095559445079,fibroblast
S100A10,0.668780680067363,0.0986879019382862,0.0323022328128911,0.0982920696512055,fibroblast
ANXA2,0.664409330323552,0.0980943489769034,0.0317086798515083,0.0784717603195877,fibroblast
NRXN3,0.671718800386972,0.0979466041270136,0.0315609350016185,0.101061501848856,fibroblast
INS,0.635529757425922,0.0978431645046993,0.0314574953793041,0.0709738421072618,fibroblast
IGFBP7,0.66109498728009,0.0977114290953732,0.031325759969978,0.110032304573671,fibroblast
TIGIT,0.66295818553155,0.0976002515875083,0.0312145824621131,0.0959181620187978,fibroblast
MXRA8,0.672757891719517,0.0973782851173018,0.0309926159919067,0.0958870032460453,fibroblast
COL11A1,0.654233401411731,0.0972145961489695,0.0308289270235744,0.0778759449225302,fibroblast
CDH1,0.667938657780644,0.0971201904178234,0.0307345212924282,0.071771701111567,fibroblast
WIF1,0.649593321150884,0.0970024893620844,0.0306168202366892,0.0582132168307431,fibroblast
COL1A2,0.667705757999211,0.09680447975027,0.0304188106248748,0.100784964138956,fibroblast
WNT2B,0.658909312408185,0.0967921131071689,0.0304064439817738,0.0674208928729613,fibroblast
GSTP1,0.669389802572649,0.0965831224693366,0.0301974533439415,0.0860277923745812,fibroblast
GDF9,0.668673187860548,0.0964521685875628,0.0300664994621676,0.0756969005924477,fibroblast
ADGRF5,0.655863699881761,0.0963813641223956,0.0299956949970004,0.087793238721424,fibroblast
CEACAM6,0.668404457343509,0.0962710843668513,0.0298854152414562,0.0981746601648659,fibroblast
GDF10,0.670016840445733,0.0960270589114662,0.0296413897860711,0.0956566750672988,fibroblast
WNT9A,0.648160091726683,0.0958017074333889,0.0294160383079938,0.0589317164933553,fibroblast
NPPC,0.652764341251926,0.0957836336388601,0.0293979645134649,0.0975090647132285,fibroblast
WNT7B,0.650041205345945,0.0957744279341163,0.0293887588087211,0.0541402553315865,fibroblast
DLL1,0.652621018309507,0.0957621029320726,0.0293764338066775,0.0637595755290764,fibroblast
CD24,0.607313053136981,0.0956999129300739,0.0293142438046788,0.043137692950666,fibroblast
CALM2,0.661686194417572,0.0956647320253911,0.0292790628999959,0.0845336486769086,fibroblast
MMP1,0.670464724640799,0.0956365174621945,0.0292508483367994,0.102047036132829,fibroblast
BMP1,0.65860475115554,0.0956043593670013,0.0292186902416062,0.099631263889634,fibroblast
FN1,0.665537998495109,0.0955642997270021,0.0291786306016069,0.0383139680393381,fibroblast
CD59,0.663226916048586,0.0955627461248496,0.0291770769994544,0.0707907020791965,fibroblast
CXCL17,0.662976100899351,0.0955036840057692,0.029118014880374,0.091119648235147,fibroblast
MMP7,0.664678060840589,0.0954520144199649,0.0290663452945697,0.0703432172858346,fibroblast
LCN2,0.648554229818339,0.0954066078902604,0.0290209387648653,0.0810222854910588,fibroblast
WNT5B,0.64821383783009,0.0954062304732364,0.0290205613478412,0.0511930028636754,fibroblast
APOD,0.640993944605685,0.0952447348091233,0.0288590656837281,0.0252957245639409,fibroblast
BMP2,0.64534737898169,0.0951882273252087,0.0288025581998136,0.0651924084878961,fibroblast
SOSTDC1,0.661937009566806,0.0951457776875099,0.0287601085621148,0.0494075844079298,fibroblast
LEFTY1,0.663997276864094,0.0949974694394348,0.0286118003140397,0.0978285853731095,fibroblast
TTR,0.662313232290661,0.0949583606287725,0.0285726915033773,0.092452348446209,fibroblast
COL3A1,0.660342541832383,0.0948202147394146,0.0284345456140194,0.0928374934229066,fibroblast
CD34,0.656436991651439,0.0946689684141038,0.0282832992887086,0.0622439555896683,fibroblast
WNT10B,0.652621018309506,0.0945795184743922,0.028193849348997,0.0549767819947105,fibroblast
COL6A2,0.660897918234262,0.0945711550347787,0.0281854859093836,0.0893101012107923,fibroblast
CFD,0.650901143000466,0.0944838594283996,0.0280981903030044,0.0701337473416987,fibroblast
HSP90B1,0.662438639865277,0.0944681279596687,0.0280824588342735,0.0224892335145825,fibroblast
WNT11,0.649933713139131,0.0944111920739858,0.0280255229485906,0.0526208006612147,fibroblast
NRXN1,0.652280626321258,0.0941343925049969,0.0277487233796018,0.0954957261875685,fibroblast
FLT3LG,0.661614532946361,0.0940821750537579,0.0276965059283628,0.061700182375235,fibroblast
IL34,0.644147049338925,0.0940558007321592,0.0276701316067641,0.0842173956296789,fibroblast
CD44,0.657744813501023,0.0939548829100486,0.0275692137846534,0.0233469130754485,fibroblast
COL9A1,0.646547708624458,0.0939009427201278,0.0275152735947327,0.0822258114357764,fibroblast
MMP12,0.647891361209646,0.0938244140713091,0.0274387449459139,0.0876635764632305,fibroblast
COL8A1,0.655541223261315,0.0937683621856368,0.0273826930602416,0.0892535455162241,fibroblast
WNT3,0.640635637249633,0.0936576554668222,0.027271986341427,0.05658481514535,fibroblast
GDF15,0.666487512988642,0.0935266076573819,0.0271409385319868,0.0512118984052095,fibroblast
COL4A5,0.655003762227239,0.0934448311164078,0.0270591619910127,0.0816077220195684,fibroblast
LGALS3BP,0.661722025153177,0.0934300984450266,0.0270444293196314,0.0817768109199917,fibroblast
VSIR,0.658353936006306,0.0932642909198488,0.0268786217944537,0.0897404868796416,fibroblast
S100A4,0.647300154072166,0.0932007987454916,0.0268151296200965,0.0681904196917282,fibroblast
CD52,0.65880182020137,0.0931995375067193,0.0268138683813241,0.0748654528505891,fibroblast
IL24,0.583413952488442,0.0931815735709592,0.0267959044455641,0.018841379270123,fibroblast
SCGB3A1,0.638432047009926,0.0931526879766423,0.0267670188512471,0.087246872143068,fibroblast
LGALS1,0.660127557418755,0.0931131989349779,0.0267275298095827,0.0342227624061025,fibroblast
COL5A1,0.653086817872371,0.0930185502782168,0.0266328811528216,0.0763309974356177,fibroblast
TNFSF10,0.652191049482247,0.0929808190664482,0.0265951499410531,0.0282167633309333,fibroblast
PPBP,0.650578666380021,0.0929435406948308,0.0265578715694357,0.0274559647781142,fibroblast
VCAM1,0.660736679924039,0.0928957459142047,0.0265100767888096,0.0336868339610005,fibroblast
FGF1,0.641137267548104,0.0928146221396762,0.0264289530142811,0.0681545320279122,fibroblast
C1QA,0.656024938191982,0.0926965169212519,0.0263108477958567,0.0514979585063705,fibroblast
AZGP1,0.654520047296573,0.092635680250075,0.0262500111246798,0.0853185492951153,fibroblast
COL5A3,0.654036332365903,0.0925387267462886,0.0261530576208935,0.0814635245200708,fibroblast
CD9,0.654502131928769,0.0925324857339059,0.0261468166085108,0.00204094785421725,fibroblast
CALM3,0.662707370382316,0.092479555118989,0.0260938859935938,0.0593897429804075,fibroblast
VCAN,0.656831129743094,0.0924710616995867,0.0260853925741915,0.0771680764848109,fibroblast
COL4A2,0.649969543874735,0.0924359212909049,0.0260502521655097,0.0826650111211506,fibroblast
MMP14,0.65435880898635,0.0923430153369799,0.0259573462115847,0.0578878197852604,fibroblast
BMP6,0.653570532803039,0.0921951060342809,0.0258094369088858,0.0138762033941116,fibroblast
CALM1,0.659249704396432,0.0921659875688077,0.0257803184434125,0.0438764218345285,fibroblast
WNT7A,0.641119352180302,0.0920340609085163,0.0256483917831211,0.0463464402996212,fibroblast
LEFTY2,0.652191049482245,0.0919922299323136,0.0256065608069185,0.0902211965191992,fibroblast
COL6A3,0.646547708624459,0.0919640423867608,0.0255783732613656,0.0837906812654013,fibroblast
CTSG,0.649664982622093,0.0917999552901924,0.0254142861647972,0.0443174323486326,fibroblast
CD300A,0.654215486043928,0.0917085845552092,0.0253229154298141,0.0808868943515977,fibroblast
COL1A1,0.653463040596222,0.0916573831759878,0.0252717140505926,0.053658447064629,fibroblast
DCN,0.654305062882942,0.0916095028259749,0.0252238337005798,0.0298930417113502,fibroblast
CCL26,0.653695940377656,0.0915690476440601,0.025183378518665,0.0417760499203095,fibroblast
EZR,0.65280017198753,0.0914614636200934,0.0250757944946983,0.0550251707888837,fibroblast
VWF,0.655362069583289,0.0914272774934565,0.0250416083680614,0.0313796801669739,fibroblast
CDH5,0.646906015980508,0.0914261666526416,0.0250404975272465,0.0627399681653295,fibroblast
BMP5,0.653875094055682,0.0914066742658063,0.0250210051404111,0.0906616823438736,fibroblast
AREG,0.644182880074529,0.0913868625543209,0.0250011934289258,0.0396359128654175,fibroblast
GDF3,0.654269232147334,0.0913434012053021,0.024957732079907,0.0758262464152969,fibroblast
TGFB3,0.637464617148588,0.0913123687111749,0.0249266995857797,0.0379486508692806,fibroblast
INHBB,0.638342470170912,0.0911983673210425,0.0248126981956474,0.0815431400408989,fibroblast
IAPP,0.636120964563404,0.0909573376120807,0.0245716684866856,0.0537326151726912,fibroblast
EFNA5,0.65572037693934,0.0908823716469294,0.0244967025215343,0.0488401274919792,fibroblast
ANXA1,0.652818087355334,0.0908568694816399,0.0244712003562448,0.0357890757428531,fibroblast
SELL,0.652853918090938,0.0908048698891639,0.0244192007637688,0.0283270325784156,fibroblast
BMP3,0.642283851087461,0.0907555527507867,0.0243698836253915,0.0740319425490142,fibroblast
COL5A2,0.651850657493997,0.090692329633787,0.0243066605083919,0.0605473952988992,fibroblast
CD58,0.652119388011036,0.0906910202146626,0.0243053510892674,0.0300295395950986,fibroblast
ITGB1,0.651384857931133,0.090641643096353,0.0242559739709579,0.0374812389344584,fibroblast
GDF6,0.639883191801926,0.0906217417100714,0.0242360725846763,0.0858725653372549,fibroblast
SST,0.652943494929952,0.0906164629110886,0.0242307937856934,0.00467025825619316,fibroblast
CD55,0.649629151886487,0.0906022825000602,0.0242166133746651,0.0489569468984788,fibroblast
ADIPOQ,0.650524920276614,0.0905997346338151,0.0242140655084199,0.0205438386088386,fibroblast
S100A8,0.647246407968758,0.0905625994907422,0.024176930365347,0.0284385399418587,fibroblast
COL9A3,0.645508617291913,0.0905020444105999,0.0241163752852048,0.0761767569104319,fibroblast
COL14A1,0.645221971407073,0.0904961502401549,0.0241104811147598,0.0726822320356074,fibroblast
CD2,0.646081909061594,0.0903467811876474,0.0239611120622523,0.0116765587674172,fibroblast
EFNA1,0.647425561646781,0.0901923108066098,0.0238066416812147,0.0765966498469061,fibroblast
COL4A1,0.634239850944141,0.0900922574503723,0.0237065883249771,0.0685419844147791,fibroblast
ESAM,0.63796624744706,0.0900741525022994,0.0236884833769043,0.0821374706351767,fibroblast
FGG,0.648464652979326,0.0899982140005741,0.0236125448751789,0.0740621641095111,fibroblast
EFNB1,0.650059120713748,0.0899954541784125,0.0236097850530174,0.0778722301596181,fibroblast
COL16A1,0.646511877888853,0.0899896041580622,0.023603935032667,0.0555819553980809,fibroblast
GCG,0.644326203016949,0.089935245182274,0.0235495760568788,0.00974335888722664,fibroblast
EFNB2,0.651331111827727,0.0899181581743526,0.0235324890489574,0.0786296790961991,fibroblast
ADM2,0.646314808843025,0.089888320746843,0.0235026516214478,0.0686895351233531,fibroblast
COL27A1,0.64283922748934,0.0898695668679422,0.023483897742547,0.0750493288567249,fibroblast
TNFSF8,0.653158479343581,0.0898550761132012,0.023469406987806,0.00534211960176126,fibroblast
COL17A1,0.647855530474041,0.0898486676819154,0.0234629985565203,0.0587965223003546,fibroblast
ITGB2,0.645920670751371,0.0898479363577035,0.0234622672323083,0.0442082609425954,fibroblast
THBS1,0.653212225446988,0.089831428029563,0.0234457589041678,0.0352219921079155,fibroblast
MMP9,0.649485828944069,0.0896680546042499,0.0232823854788548,0.0342191901312608,fibroblast
HLA.DQB1,0.636891325378909,0.0896269698337289,0.0232413007083338,0.0677230253816652,fibroblast
ITGAL,0.64850048371493,0.0894970484439157,0.0231113793185205,0.0173014144466495,fibroblast
EFNB3,0.650077036081552,0.0894888148447341,0.0231031457193389,0.07336201021386,fibroblast
COL15A1,0.647550969221398,0.08945504955076,0.0230693804253649,0.0698825181984897,fibroblast
TPSB2,0.642857142857143,0.0892812488839033,0.0228955797585082,0.0780291059609243,fibroblast
GZMB,0.645777347808951,0.0892752513643049,0.0228895822389097,0.079165548664771,fibroblast
COL12A1,0.639238238561037,0.0891096815739799,0.0227240124485848,0.0663109439199176,fibroblast
S100A9,0.649432082840663,0.0890596808263802,0.022674011700985,0.0272758659304395,fibroblast
HLA.DRB1,0.651474434770146,0.0889533212490021,0.022567652123607,0.038538852466888,fibroblast
CLEC2D,0.648231753197892,0.0888151237649211,0.0224294546395259,0.0308530880031636,fibroblast
COL9A2,0.639506969078077,0.0887873076190646,0.0224016384936694,0.0300082254233855,fibroblast
CD274,0.629259378695044,0.0887223208370532,0.022336651711658,0.0426165927282729,fibroblast
CD70,0.656562399226059,0.0887077071364439,0.0223220380110487,0.0472870596500573,fibroblast
EFNA4,0.647622630692611,0.0887045456459556,0.0223188765205604,0.0585416255466176,fibroblast
VTN,0.643072127270775,0.0886740490626721,0.022288379937277,0.0320633065064811,fibroblast
CXCL16,0.638575369952344,0.0886572994043835,0.0222716302789883,0.0170949012264699,fibroblast
MMP2,0.646619370095669,0.0886288834873909,0.0222432143619957,0.0496037694694065,fibroblast
EGF,0.64434411838475,0.0881997264937616,0.0218140573683664,0.0130278980223498,fibroblast
TYROBP,0.642122612777241,0.0880549581401426,0.0216692890147474,0.0225236649986142,fibroblast
VEGFB,0.645616109498729,0.0879106420164338,0.0215249728910387,0.0725618716445385,fibroblast
APP,0.64547278655631,0.0877932866522835,0.0214076175268883,0.00258520563339785,fibroblast
PTGS2,0.640241499157976,0.0877742350844068,0.0213885659590116,0.0596200172591386,fibroblast
APOA1,0.642068866673832,0.0876392019335646,0.0212535328081695,0.0170263995882747,fibroblast
JAG1,0.638521623848938,0.0876143040693289,0.0212286349439337,0.0117758520820153,fibroblast
HLA.DQA1,0.646923931348312,0.0875752005300218,0.0211895314046267,0.0760259557509796,fibroblast
PTHLH,0.633147013508188,0.0874955425628538,0.0211098734374586,0.0149093214383229,fibroblast
ICAM2,0.643340857787812,0.087465366795546,0.0210796976701508,0.0475378794043441,fibroblast
CCL21,0.63932781540005,0.0874188781411979,0.0210332090158027,0.0555518429011028,fibroblast
CD5L,0.640617721881831,0.0874156734958988,0.0210300043705037,0.0364594069389297,fibroblast
VEGFC,0.642427174029885,0.0874038452382616,0.0210181761128665,0.0142035224852743,fibroblast
CD209,0.635601418897131,0.0873480077842455,0.0209623386588504,0.0382306254571667,fibroblast
B2M,0.643699165143862,0.0873458088038895,0.0209601396784943,0.0255917780913154,fibroblast
CXCL5,0.635995556988786,0.0873202738889647,0.0209346047635695,0.0618335585701671,fibroblast
HLA.B,0.646189401268409,0.0873145563848751,0.02092888725948,0.0743986040480926,fibroblast
IL32,0.620588340678634,0.0872462235983661,0.020860554472971,0.0528174569049498,fibroblast
SPP1,0.643932064925293,0.0872299733167378,0.0208443041913426,0.00835462058765448,fibroblast
PRSS2,0.633326167186212,0.0872264560833497,0.0208407869579546,0.0425992369952049,fibroblast
MMP16,0.640617721881829,0.0871882209196837,0.0208025517942886,0.0562470352618748,fibroblast
MIF,0.638772438998173,0.0871189797384482,0.0207333106130531,0.0138338297739718,fibroblast
PECAM1,0.632125837543444,0.0871001040942758,0.0207144349688806,0.0631220014393428,fibroblast
PF4,0.636479271919452,0.0869939932409443,0.0206083241155492,0.0245981112309985,fibroblast
ITGAM,0.638109570389479,0.0868197548730248,0.0204340857476297,0.0389590287360232,fibroblast
XCL2,0.634813142713821,0.0867647398909097,0.0203790707655146,0.0621070715267914,fibroblast
TNFSF18,0.643107958006379,0.0867405052619023,0.0203548361365071,0.069817309363755,fibroblast
CCL23,0.636103049195599,0.0867129993338056,0.0203273302084104,0.00324506014368962,fibroblast
IGF2,0.63409652800172,0.0865974539397459,0.0202117848143508,0.0123479714989258,fibroblast
PNOC,0.635225196173276,0.0865893479700698,0.0202036788446746,0.0168368027691528,fibroblast
SELPLG,0.637070479056936,0.0864739218249556,0.0200882526995605,0.001442761772804,fibroblast
TNFRSF14,0.642803396753738,0.0864663456262945,0.0200806765008993,0.00735540753138328,fibroblast
RARRES1,0.619853810598732,0.0863877593780893,0.0200020902526941,0.0486997981059239,fibroblast
FGF12,0.646278978107422,0.0863800341274859,0.0199943650020907,0.0753064000697108,fibroblast
XCL1,0.633057436669176,0.0863743774189,0.0199887082935049,0.0601416032153151,fibroblast
C1QB,0.635368519115698,0.0863655422177685,0.0199798730923734,0.0638736825157134,fibroblast
S100B,0.632949944462359,0.0862559463633876,0.0198702772379925,0.00483169083529687,fibroblast
CD47,0.640169837686767,0.0862400759830916,0.0198544068576964,0.0277867187182835,fibroblast
GDNF,0.640689383353042,0.0862123607534686,0.0198266916280735,0.0200522719644033,fibroblast
CLEC2B,0.635261026908882,0.0858754344640338,0.0194897653386387,0.0575001347395332,fibroblast
VEGFD,0.636998817585726,0.0858630360920584,0.0194773669666633,0.0479095323095897,fibroblast
TNFSF15,0.634795227346017,0.0857149869653893,0.0193293178399941,0.011143143354705,fibroblast
THBS2,0.626536242789063,0.0856637320521311,0.019278062926736,0.0296708516722507,fibroblast
CCL18,0.615285391809095,0.0856009991735283,0.0192153300481332,0.0361895227710563,fibroblast
ANGPTL1,0.637034648321331,0.0855325549266589,0.0191468858012638,0.0676022683187411,fibroblast
ITGA9,0.634221935576337,0.0855127737026063,0.0191271045772112,0.0649656425378099,fibroblast
IGF1,0.638808269733779,0.0854062734535453,0.0190206043281501,0.0167058382138907,fibroblast
CCL8,0.636765917804294,0.0852569418985442,0.0188712727731491,0.0601370496193848,fibroblast
CCL3L3,0.634078612633917,0.0852344890759766,0.0188488199505815,0.0185025142011412,fibroblast
CXCL3,0.635081873230858,0.0851916572708066,0.0188059881454115,0.0363123248655787,fibroblast
ICAM1,0.62506718262926,0.0851622084253674,0.0187765392999723,0.0344980111345302,fibroblast
HLA.A,0.636049303092194,0.0849067203638544,0.0185210512384593,0.0472563191065518,fibroblast
HGF,0.632609552474112,0.084858244201045,0.0184725750756499,0.00594331267236035,fibroblast
CD86,0.634580242932388,0.0848404298943693,0.0184547607689741,0.00418147712462488,fibroblast
PGF,0.633881543588091,0.0848396467830209,0.0184539776576258,0.00696752343515516,fibroblast
CCL20,0.633164928875988,0.0848064035837958,0.0184207344584006,0.0261575436632158,fibroblast
HLA.DPB1,0.634759396610413,0.0847171835581912,0.018331514432796,0.0611767835446132,fibroblast
CXCL9,0.635977641620983,0.0846978881118067,0.0183122189864115,-0.00685142920209091,fibroblast
FGF13,0.638718692894767,0.0846233374484442,0.0182376683230491,0.0640233774305814,fibroblast
IL16,0.633827797484683,0.0845196311200484,0.0181339619946532,0.0116196113348715,fibroblast
CCL19,0.63544018058691,0.0845186593825163,0.0181329902571211,-0.0107301520961156,fibroblast
HLA.DRA,0.638682862159162,0.0844731191445445,0.0180874500191493,0.0340833667752569,fibroblast
ACE,0.638414131642124,0.0843689938547543,0.0179833247293592,0.011683085644869,fibroblast
IGFBP3,0.625120928732668,0.0843341802791703,0.0179485111537752,0.0546499354354522,fibroblast
BGN,0.630800100326059,0.0843197694336148,0.0179341003082197,0.0462813958850111,fibroblast
CXCL10,0.636479271919454,0.0842874407630983,0.0179017716377031,0.00216413038818411,fibroblast
CCL4L2,0.627252857501165,0.0842511816786298,0.0178655125532346,0.000447716294071271,fibroblast
ENG,0.627396180443586,0.0841798399074735,0.0177941707820783,0.0433724106681382,fibroblast
CCL11,0.635708911103945,0.0841558333867348,0.0177701642613396,0.0372662017073161,fibroblast
ICAM3,0.620964563402487,0.0840605287545231,0.017674859629128,0.0507259165775955,fibroblast
GAS6,0.611935218030027,0.0840235695356205,0.0176379004102253,0.061129919004986,fibroblast
HLA.E,0.633415744025226,0.0839283686805343,0.0175426995551391,0.0410409179733517,fibroblast
LTB,0.607635529757426,0.0838053169196659,0.0174196477942707,0.0395931687372166,fibroblast
FGF2,0.623974345193306,0.0837429536511964,0.0173572845258013,0.0156278784065109,fibroblast
HLA.C,0.629169801856032,0.0837048409754409,0.0173191718500457,0.0636846783036147,fibroblast
TNFSF14,0.634723565874807,0.0836837654526558,0.0172980963272606,-0.0108231826302392,fibroblast
ICOSLG,0.627539503386005,0.0836435155818353,0.0172578464564401,0.0291282701265194,fibroblast
FASLG,0.630423877602208,0.0834705528569873,0.0170848837315921,0.00427822322300647,fibroblast
CD80,0.627414095811387,0.0832995113016239,0.0169138421762288,0.0119254361518685,fibroblast
CXCL8,0.631445053566953,0.0831249625488078,0.0167392934234127,-0.00194131213024012,fibroblast
CD48,0.624153498871331,0.0830415547523382,0.016655885626943,0.0185843442388898,fibroblast
NRG4,0.618563904116951,0.0827375393994373,0.0163518702740422,0.0600689724877481,fibroblast
CXCL6,0.621072055609302,0.0826301383466321,0.0162444692212369,0.00237170807936654,fibroblast
INHA,0.625586728295532,0.0825410573345347,0.0161553882091396,0.0560984096776425,fibroblast
CCL28,0.611433587731556,0.082441547142939,0.0160558780175439,0.0217778726781443,fibroblast
CEACAM1,0.623687699308466,0.0824114758270451,0.01602580670165,0.0600407604247781,fibroblast
CCL13,0.624852198215631,0.0824060694469903,0.0160204003215951,-0.000431191481579243,fibroblast
TGFB2,0.618528073381344,0.0823950448831271,0.0160093757577319,0.00754901320032344,fibroblast
ALCAM,0.60937332043427,0.0823363340893537,0.0159506649639586,0.0548351151826078,fibroblast
TNFSF13B,0.62069583288545,0.0822995425986016,0.0159138734732065,0.00975352674889482,fibroblast
CD28,0.62141244759755,0.0822432508177783,0.0158575816923832,0.00771056164569407,fibroblast
PDCD1LG2,0.62764699559282,0.0820745698274614,0.0156889007020663,0.0249861378552596,fibroblast
FGF18,0.625120928732668,0.0818619017489826,0.0154762326235875,0.00643184845836313,fibroblast
CD38,0.618922211473003,0.081838877305788,0.0154532081803929,0.0232863133663612,fibroblast
CD14,0.626464581317855,0.0818375631342213,0.0154518940088261,0.0114804433450577,fibroblast
WNT5A,0.622415708194489,0.0818140705666611,0.0154284014412659,-0.00857293327748382,fibroblast
CX3CL1,0.624010175928913,0.0818057418052518,0.0154200726798567,-0.0109707599175807,fibroblast
SAA1,0.613762585545882,0.0815901062233733,0.0152044370979781,0.0247025353140651,fibroblast
CXCL14,0.619674656920706,0.0815729614523424,0.0151872923269472,0.0407126033921703,fibroblast
TPSAB1,0.616270737038232,0.0815612553209813,0.0151755861955861,0.0538312761750346,fibroblast
COL18A1,0.616145329463614,0.0814650956021209,0.0150794264767257,0.0367340966251265,fibroblast
GC,0.615733276004156,0.0814004927304042,0.0150148236050091,0.059652281245096,fibroblast
CRP,0.623938514457702,0.0813473667993726,0.0149616976739774,-0.0239993501655959,fibroblast
LIF,0.607563868286215,0.0811875712861041,0.0148019021607089,0.0270477102596847,fibroblast
CCL5,0.620570425310834,0.0811478560380258,0.0147621869126307,-0.0146294530497615,fibroblast
IL1RN,0.611254434053531,0.0810937924647326,0.0147081233393374,0.0182931894991954,fibroblast
SLPI,0.61591242968218,0.081049778336952,0.0146641092115569,0.0391438650834215,fibroblast
CCL4,0.622594861872514,0.0809778876959488,0.0145922185705537,-0.00749992468591027,fibroblast
KITLG,0.611684402880792,0.0808099747884535,0.0144243056630584,0.0472070236638904,fibroblast
ST6GAL1,0.624888028951234,0.0807745326924973,0.0143888635671022,-0.040513338715035,fibroblast
INHBA,0.620624171414237,0.080490319872432,0.0141046507470369,-0.0237570826414231,fibroblast
NPPB,0.607581783654019,0.0803010479024416,0.0139153787770465,0.025665117306251,fibroblast
LGALS9,0.618599734852557,0.0800929549172255,0.0137072857918304,0.0578219935547353,fibroblast
CXCL2,0.615213730337884,0.0800853596017787,0.0136996904763835,0.0345799283757532,fibroblast
LEP,0.614156723637536,0.07983170253172,0.0134460334063248,-0.0127724126397175,fibroblast
IL17A,0.588698985990183,0.0796562249220545,0.0132705557966594,0.010344497428406,fibroblast
ARTN,0.616593213658678,0.0796386448568423,0.0132529757314471,0.0255720355605595,fibroblast
FGF7,0.610752803755063,0.0796026331332601,0.013216964007865,-0.0182234373177986,fibroblast
IL6,0.609910781468344,0.0793624016255198,0.0129767325001247,0.00330514175492564,fibroblast
TNFSF4,0.607707191228636,0.0792441888463895,0.0128585197209944,0.0076717060396935,fibroblast
ACE2,0.609265828227454,0.0791864893899933,0.0128008202645982,0.0518530342519049,fibroblast
TIMP1,0.607115984091152,0.0791823758438683,0.0127967067184731,0.0121802428405951,fibroblast
VEGFA,0.615518291590528,0.0791357412282268,0.0127500721028316,-0.0131396811341361,fibroblast
CXCL1,0.598391199971337,0.0790588843679618,0.0126732152425667,0.00833295588629748,fibroblast
HLA.DRB5,0.613081801569388,0.0788091390101582,0.0124234698847631,0.0431004256177565,fibroblast
EPHA4,0.606542692321474,0.0783586754255995,0.0119730063002044,0.0207217391592354,fibroblast
LTF,0.598624099752768,0.0779803272697801,0.0115946581443849,0.000886948682750202,fibroblast
IFITM1,0.592156651976065,0.0777518188129963,0.0113661496876012,0.0330306266070695,fibroblast
MSMB,0.5952739259737,0.0776262765200218,0.0112406073946267,0.0504526233651353,fibroblast
CD40,0.601741373750403,0.0770810106923584,0.0106953415669633,-0.0130512591998109,fibroblast
CSF3,0.605790246873771,0.0769903431048827,0.0106046739794876,-0.0291243854957304,fibroblast
IL17B,0.609015013078219,0.0769392803200037,0.0105536111946085,0.00973664131978821,fibroblast
IL20,0.577448135010211,0.0767500908053972,0.0103644216800021,0.0235419587778636,fibroblast
CCL15,0.607456376079402,0.0764937331130095,0.0101080639876144,-0.000276531130674195,fibroblast
CSF1,0.608280482998317,0.0762108289329085,0.00982515980751338,-0.023147366533031,fibroblast
CD40LG,0.59591887921459,0.076168486796865,0.00978281767146986,-0.0149728435279067,fibroblast
BST2,0.602189257945467,0.0757826078518813,0.00939693872648614,0.0165903746490776,fibroblast
CCL2,0.587928625174675,0.0757531445919058,0.00936747546651069,0.00284553684867901,fibroblast
TNFSF12,0.594646888100613,0.0756290062375665,0.00924333711217139,-0.015021636166225,fibroblast
IL33,0.589487262173494,0.0745421382825479,0.00815646915715275,-0.0434212804088794,fibroblast
CSHL1,0.584470959188791,0.0744025410509557,0.00801687192556056,0.0216528219979279,fibroblast
IL1A,0.59174459851661,0.0743676504334388,0.00798198130804367,-0.0307361292292506,fibroblast
RARRES2,0.592479128596509,0.074185854996501,0.00780018587110588,0.0205440442087743,fibroblast
IFNA1,0.592980758894982,0.0741259170671889,0.00774024794179376,-0.0289733094324606,fibroblast
CLCF1,0.582070299903256,0.0738104870877909,0.00742481796239576,0.0352467779580624,fibroblast
OSM,0.591798344620015,0.0735032222233484,0.00711755309795328,-0.0242957678621975,fibroblast
IL18,0.58509799706188,0.073427007692807,0.00704133856741185,-0.0117465059193016,fibroblast
TNFSF9,0.586746210899711,0.0734156297126559,0.0070299605872607,-0.0189104135618528,fibroblast
CXCL12,0.582625676305135,0.0729452192600135,0.00655955013461837,-0.0174776987642699,fibroblast
PDGFA,0.586065426923215,0.0727399621881068,0.00635429306271161,-0.0265176900895433,fibroblast
ANGPT1,0.574832491311047,0.0726348642508664,0.00624919512547127,-0.0433036921599568,fibroblast
IL15,0.555573470923359,0.0724641447611585,0.00607847563576336,0.00691690425704317,fibroblast
PDGFC,0.588412340105344,0.0720619734898081,0.00567630436441295,-0.0457206775726545,fibroblast
PDGFB,0.576283636103051,0.071945779341753,0.00556011021635784,-0.010259550532608,fibroblast
CCL3,0.580207101651797,0.0717405603247778,0.00535489119938265,-0.0011169216124025,fibroblast
IFNB1,0.576588197355693,0.0713151128175115,0.00492944369211637,-0.0275663637561961,fibroblast
CSF2,0.564817800709449,0.0711390077618467,0.0047533386364516,-0.0283048955141993,fibroblast
IL23A,0.560052312873983,0.0711389515673815,0.00475328244198632,0.00829686144549209,fibroblast
PTPRC,0.573865061449712,0.0707880484395931,0.00440237931419797,-0.00436709877494887,fibroblast
TNF,0.563366655917448,0.0703843266818665,0.00399865755647139,-0.010575337792402,fibroblast
PDGFD,0.561736357447418,0.0701436285135249,0.00375795938812978,-0.0111758762709124,fibroblast
IL36G,0.568042566913901,0.0697343622606242,0.00334869313522901,-0.0364941084787408,fibroblast
IL11,0.564799885341644,0.0696565381258797,0.00327086900048452,-0.0168019845429149,fibroblast
RSPO3,0.559658174782328,0.0690009532345356,0.00261528410914043,0.0330319951934877,fibroblast
TGFB1,0.528037550610915,0.0683347883720398,0.00194911924664461,-0.00792454767138585,fibroblast
IL1B,0.55492851768247,0.0682520362445661,0.00186636711917096,-0.024898633379018,fibroblast
IL7,0.54362392059909,0.0677524263637921,0.00136675723839698,-0.0293964574740091,fibroblast
IFNL2,0.53681608083414,0.0663794944802883,-6.17464510679899e-06,0.0025182177230809,fibroblast
IL10,0.534075029560357,0.0662074698806707,-0.000178199244724481,-0.0378529168023273,fibroblast
IL12B,0.540685800279481,0.0656039725756809,-0.000781696549714286,-0.0189888673520495,fibroblast
TSLP,0.535078290157298,0.0648534923569586,-0.00153217676843656,-0.0205242170799647,fibroblast
IFNL3,0.531943100791861,0.0646458784213373,-0.00173979070405783,-0.0259299486121398,fibroblast
IL12A,0.517001684044575,0.0621883250822542,-0.00419734404314094,-0.0429005222336285,fibroblast
